id,firstname,lastname,email,email2,profession
100,Danika,Tomasina,Danika.Tomasina@yopmail.com,Danika.Tomasina@gmail.com,firefighter
101,Carlie,Kare,Carlie.Kare@yopmail.com,Carlie.Kare@gmail.com,doctor
102,Kirbee,Klotz,Kirbee.Klotz@yopmail.com,Kirbee.Klotz@gmail.com,doctor
103,Vevay,Elephus,Vevay.Elephus@yopmail.com,Vevay.Elephus@gmail.com,developer
104,Eve,Johanna,Eve.Johanna@yopmail.com,Eve.Johanna@gmail.com,developer
105,Odessa,Millda,Odessa.Millda@yopmail.com,Odessa.Millda@gmail.com,developer
106,Augustine,Desai,Augustine.Desai@yopmail.com,Augustine.Desai@gmail.com,doctor
107,Josephine,Barney,Josephine.Barney@yopmail.com,Josephine.Barney@gmail.com,firefighter
108,Cecile,Rossner,Cecile.Rossner@yopmail.com,Cecile.Rossner@gmail.com,worker
109,Xylina,Natica,Xylina.Natica@yopmail.com,Xylina.Natica@gmail.com,worker
110,Evaleen,Edison,Evaleen.Edison@yopmail.com,Evaleen.Edison@gmail.com,police officer
111,Kayla,Cynar,Kayla.Cynar@yopmail.com,Kayla.Cynar@gmail.com,firefighter
112,Shandie,Skell,Shandie.Skell@yopmail.com,Shandie.Skell@gmail.com,doctor
113,Modestia,Lesley,Modestia.Lesley@yopmail.com,Modestia.Lesley@gmail.com,police officer
114,Andeee,Sallyann,Andeee.Sallyann@yopmail.com,Andeee.Sallyann@gmail.com,developer
115,Courtnay,Jagir,Courtnay.Jagir@yopmail.com,Courtnay.Jagir@gmail.com,police officer
116,Lila,Mallon,Lila.Mallon@yopmail.com,Lila.Mallon@gmail.com,firefighter
117,Florencia,Marijo,Florencia.Marijo@yopmail.com,Florencia.Marijo@gmail.com,police officer
118,Trudie,Anastatius,Trudie.Anastatius@yopmail.com,Trudie.Anastatius@gmail.com,developer
119,Ileana,Gilmour,Ileana.Gilmour@yopmail.com,Ileana.Gilmour@gmail.com,worker
120,Shandie,Saint,Shandie.Saint@yopmail.com,Shandie.Saint@gmail.com,worker
121,Jordan,Allare,Jordan.Allare@yopmail.com,Jordan.Allare@gmail.com,police officer
122,Ninnetta,Mitzi,Ninnetta.Mitzi@yopmail.com,Ninnetta.Mitzi@gmail.com,firefighter
123,Florencia,Gahl,Florencia.Gahl@yopmail.com,Florencia.Gahl@gmail.com,doctor
124,Tobe,Ax,Tobe.Ax@yopmail.com,Tobe.Ax@gmail.com,doctor
125,Darci,Podvin,Darci.Podvin@yopmail.com,Darci.Podvin@gmail.com,police officer
126,Diena,Socha,Diena.Socha@yopmail.com,Diena.Socha@gmail.com,police officer
127,Ariela,Lewes,Ariela.Lewes@yopmail.com,Ariela.Lewes@gmail.com,doctor
128,Debee,Hedve,Debee.Hedve@yopmail.com,Debee.Hedve@gmail.com,firefighter
129,Mariann,Bevin,Mariann.Bevin@yopmail.com,Mariann.Bevin@gmail.com,doctor
130,Devina,Hebner,Devina.Hebner@yopmail.com,Devina.Hebner@gmail.com,firefighter
131,Cassandra,Giff,Cassandra.Giff@yopmail.com,Cassandra.Giff@gmail.com,doctor
132,Gusty,Elephus,Gusty.Elephus@yopmail.com,Gusty.Elephus@gmail.com,worker
133,Lynde,Grayce,Lynde.Grayce@yopmail.com,Lynde.Grayce@gmail.com,firefighter
134,Merrie,Santoro,Merrie.Santoro@yopmail.com,Merrie.Santoro@gmail.com,developer
135,Mara,Delacourt,Mara.Delacourt@yopmail.com,Mara.Delacourt@gmail.com,developer
136,Renie,Kalinda,Renie.Kalinda@yopmail.com,Renie.Kalinda@gmail.com,worker
137,Annora,Grosz,Annora.Grosz@yopmail.com,Annora.Grosz@gmail.com,doctor
138,Nessie,Ferino,Nessie.Ferino@yopmail.com,Nessie.Ferino@gmail.com,doctor
139,Rosanne,Rosemary,Rosanne.Rosemary@yopmail.com,Rosanne.Rosemary@gmail.com,police officer
140,Dorice,Ludewig,Dorice.Ludewig@yopmail.com,Dorice.Ludewig@gmail.com,worker
141,Sue,Artie,Sue.Artie@yopmail.com,Sue.Artie@gmail.com,worker
142,Minne,Trace,Minne.Trace@yopmail.com,Minne.Trace@gmail.com,worker
143,Lily,Mallon,Lily.Mallon@yopmail.com,Lily.Mallon@gmail.com,developer
144,Gui,Euridice,Gui.Euridice@yopmail.com,Gui.Euridice@gmail.com,police officer
145,Justinn,Mallon,Justinn.Mallon@yopmail.com,Justinn.Mallon@gmail.com,police officer
146,Donetta,Dahlia,Donetta.Dahlia@yopmail.com,Donetta.Dahlia@gmail.com,police officer
147,Sindee,Ferino,Sindee.Ferino@yopmail.com,Sindee.Ferino@gmail.com,worker
148,Therine,Romelda,Therine.Romelda@yopmail.com,Therine.Romelda@gmail.com,developer
149,Di,Johanna,Di.Johanna@yopmail.com,Di.Johanna@gmail.com,doctor
150,Caryl,Koziara,Caryl.Koziara@yopmail.com,Caryl.Koziara@gmail.com,doctor
151,Cam,Newell,Cam.Newell@yopmail.com,Cam.Newell@gmail.com,worker
152,Kenna,Tayib,Kenna.Tayib@yopmail.com,Kenna.Tayib@gmail.com,developer
153,Wanda,Janith,Wanda.Janith@yopmail.com,Wanda.Janith@gmail.com,developer
154,Merle,Merell,Merle.Merell@yopmail.com,Merle.Merell@gmail.com,police officer
155,Jasmina,Marijo,Jasmina.Marijo@yopmail.com,Jasmina.Marijo@gmail.com,firefighter
156,Shauna,Oneida,Shauna.Oneida@yopmail.com,Shauna.Oneida@gmail.com,worker
157,Philis,Thunell,Philis.Thunell@yopmail.com,Philis.Thunell@gmail.com,developer
158,Sharai,Nadia,Sharai.Nadia@yopmail.com,Sharai.Nadia@gmail.com,firefighter
159,Melanie,Sikorski,Melanie.Sikorski@yopmail.com,Melanie.Sikorski@gmail.com,developer
160,Maud,Ammann,Maud.Ammann@yopmail.com,Maud.Ammann@gmail.com,developer
161,Romona,Maroney,Romona.Maroney@yopmail.com,Romona.Maroney@gmail.com,doctor
162,Ruthe,Pauly,Ruthe.Pauly@yopmail.com,Ruthe.Pauly@gmail.com,police officer
163,Flo,Swanhildas,Flo.Swanhildas@yopmail.com,Flo.Swanhildas@gmail.com,developer
164,Dennie,Elvyn,Dennie.Elvyn@yopmail.com,Dennie.Elvyn@gmail.com,worker
165,Estell,Khorma,Estell.Khorma@yopmail.com,Estell.Khorma@gmail.com,worker
166,Imojean,Baudin,Imojean.Baudin@yopmail.com,Imojean.Baudin@gmail.com,firefighter
167,Kimberley,Terencio,Kimberley.Terencio@yopmail.com,Kimberley.Terencio@gmail.com,doctor
168,Nannie,Odysseus,Nannie.Odysseus@yopmail.com,Nannie.Odysseus@gmail.com,worker
169,Jenda,Suzetta,Jenda.Suzetta@yopmail.com,Jenda.Suzetta@gmail.com,worker
170,Corene,Yorick,Corene.Yorick@yopmail.com,Corene.Yorick@gmail.com,developer
171,Aurore,Eliathas,Aurore.Eliathas@yopmail.com,Aurore.Eliathas@gmail.com,police officer
172,Cam,Pillsbury,Cam.Pillsbury@yopmail.com,Cam.Pillsbury@gmail.com,worker
173,Tatiania,Bohlin,Tatiania.Bohlin@yopmail.com,Tatiania.Bohlin@gmail.com,police officer
174,Tatiania,Thar,Tatiania.Thar@yopmail.com,Tatiania.Thar@gmail.com,doctor
175,Dennie,Lanita,Dennie.Lanita@yopmail.com,Dennie.Lanita@gmail.com,firefighter
176,Meg,Hachmin,Meg.Hachmin@yopmail.com,Meg.Hachmin@gmail.com,police officer
177,Carmencita,Salchunas,Carmencita.Salchunas@yopmail.com,Carmencita.Salchunas@gmail.com,firefighter
178,Sheelagh,Randene,Sheelagh.Randene@yopmail.com,Sheelagh.Randene@gmail.com,police officer
179,Isa,Geffner,Isa.Geffner@yopmail.com,Isa.Geffner@gmail.com,worker
180,Jan,Suanne,Jan.Suanne@yopmail.com,Jan.Suanne@gmail.com,developer
181,Meriel,Matthew,Meriel.Matthew@yopmail.com,Meriel.Matthew@gmail.com,police officer
182,Audrie,Merat,Audrie.Merat@yopmail.com,Audrie.Merat@gmail.com,police officer
183,Nyssa,Olnee,Nyssa.Olnee@yopmail.com,Nyssa.Olnee@gmail.com,doctor
184,Misha,Margret,Misha.Margret@yopmail.com,Misha.Margret@gmail.com,doctor
185,Ursulina,Karl,Ursulina.Karl@yopmail.com,Ursulina.Karl@gmail.com,police officer
186,Korrie,Phaidra,Korrie.Phaidra@yopmail.com,Korrie.Phaidra@gmail.com,worker
187,Desirae,Monk,Desirae.Monk@yopmail.com,Desirae.Monk@gmail.com,developer
188,Jere,Zamora,Jere.Zamora@yopmail.com,Jere.Zamora@gmail.com,doctor
189,Maud,Hoenack,Maud.Hoenack@yopmail.com,Maud.Hoenack@gmail.com,developer
190,Renie,Middleton,Renie.Middleton@yopmail.com,Renie.Middleton@gmail.com,developer
191,Sean,Zachary,Sean.Zachary@yopmail.com,Sean.Zachary@gmail.com,developer
192,Courtnay,Karl,Courtnay.Karl@yopmail.com,Courtnay.Karl@gmail.com,worker
193,Monika,Bury,Monika.Bury@yopmail.com,Monika.Bury@gmail.com,police officer
194,Elbertina,Freddi,Elbertina.Freddi@yopmail.com,Elbertina.Freddi@gmail.com,developer
195,Jillayne,Karylin,Jillayne.Karylin@yopmail.com,Jillayne.Karylin@gmail.com,developer
196,Daryl,Shaver,Daryl.Shaver@yopmail.com,Daryl.Shaver@gmail.com,police officer
197,Natka,Rebecka,Natka.Rebecka@yopmail.com,Natka.Rebecka@gmail.com,worker
198,Nickie,Glenden,Nickie.Glenden@yopmail.com,Nickie.Glenden@gmail.com,doctor
199,Carly,Loleta,Carly.Loleta@yopmail.com,Carly.Loleta@gmail.com,doctor
